                  epoch,         train/box_loss,         train/cls_loss,         train/dfl_loss,   metrics/precision(B),      metrics/recall(B),       metrics/mAP50(B),    metrics/mAP50-95(B),           val/box_loss,           val/cls_loss,           val/dfl_loss,                 lr/pg0,                 lr/pg1,                 lr/pg2
                      1,                 1.4114,                 2.3559,                 1.7206,                0.41611,                0.41905,                0.43494,                0.21622,                 1.5215,                 2.9415,                  2.076,             0.00054826,             0.00054826,             0.00054826
                      2,                 1.3585,                 1.7951,                 1.6372,                0.62587,                0.64043,                0.66713,                0.34476,                 1.5029,                 2.3819,                 2.0697,             0.00088535,             0.00088535,             0.00088535
                      3,                 1.3527,                 1.6121,                 1.6347,                0.76096,                0.59442,                0.70833,                 0.3988,                 1.4216,                 1.7513,                 1.9258,              0.0010024,              0.0010024,              0.0010024
                      4,                 1.3068,                 1.4866,                  1.593,                0.75938,                0.67546,                0.76893,                0.42763,                 1.4264,                 1.6358,                 1.8508,              0.0006768,              0.0006768,              0.0006768
                      5,                 1.2909,                 1.3503,                 1.5497,                 0.7722,                0.70269,                 0.7657,                0.40961,                 1.5041,                 1.4877,                 1.9577,              0.0006768,              0.0006768,              0.0006768
